{"loss": [1.3864550590515137, 0.44065794348716736, 0.27150583267211914, 0.18526044487953186, 0.1376693844795227, 0.11107255518436432, 0.08753557503223419, 0.07234519720077515, 0.06623074412345886, 0.05594264715909958], "accuracy": [0.5929155945777893, 0.860416829586029, 0.912682294845581, 0.9382032752037048, 0.9553595781326294, 0.962799608707428, 0.9712070822715759, 0.9761718511581421, 0.9779216051101685, 0.9821608662605286], "val_loss": [0.5793740749359131, 0.3392965793609619, 0.18708346784114838, 0.2297213077545166, 0.18151822686195374, 0.11515425890684128, 0.16524454951286316, 0.11524613946676254, 0.11470943689346313, 0.11100369691848755], "val_accuracy": [0.8174368143081665, 0.8947188854217529, 0.9403027296066284, 0.9245959520339966, 0.9426360130310059, 0.9640336632728577, 0.9500341415405273, 0.965627133846283, 0.9663100242614746, 0.9663669466972351]}